,type,area,Error_by_diff,Error_by_estim,total_sum
0,inner,0.008776883825628887,0.0,0.0,7.921962625820345e-09
1,outer,0.05948853830465997,0.0,0.0,1.7618028563815002e-11
