,type,area,Error_by_diff,Error_by_estim,total_sum
0,inner,0.00041655495130044073,0.0002559605810912302,4.418014893902707e-05,0.0
1,outer,0.002947463209579837,6.784728973130427e-05,1.1513513006155093e-05,-2.3283866624979055e-05
