,type,area,Error_by_diff,Error_by_estim,total_sum
0,inner,0.00043907266221367917,0.0,0.0,-1.2950073711949159e-11
1,outer,0.0029504668163958447,0.0,0.0,-4.656773198629294e-05
